household_id,building_id,estimated_population,estimated
hh_0001,bldg_0002,3,True
hh_0002,bldg_0003,5,True
hh_0003,bldg_0004,5,True
hh_0004,bldg_0005,3,True
hh_0005,bldg_0006,5,True
hh_0006,bldg_0007,4,True
hh_0007,bldg_0009,3,True
hh_0008,bldg_0010,3,True
hh_0009,bldg_0012,5,True
hh_0010,bldg_0013,4,True
hh_0011,bldg_0015,3,True
hh_0012,bldg_0016,5,True
hh_0013,bldg_0017,5,True
hh_0014,bldg_0018,4,True
hh_0015,bldg_0019,3,True
hh_0016,bldg_0020,3,True
hh_0017,bldg_0021,5,True
hh_0018,bldg_0022,3,True
hh_0019,bldg_0023,3,True
hh_0020,bldg_0024,5,True
hh_0021,bldg_0025,4,True
hh_0022,bldg_0026,3,True
hh_0023,bldg_0027,3,True
hh_0024,bldg_0028,4,True
hh_0025,bldg_0030,5,True
hh_0026,bldg_0031,3,True
hh_0027,bldg_0032,3,True
hh_0028,bldg_0033,3,True
hh_0029,bldg_0034,4,True
hh_0030,bldg_0035,3,True
hh_0031,bldg_0037,5,True
hh_0032,bldg_0038,5,True
hh_0033,bldg_0039,3,True
hh_0034,bldg_0040,3,True
hh_0035,bldg_0041,3,True
hh_0036,bldg_0043,4,True
hh_0037,bldg_0044,3,True
hh_0038,bldg_0045,3,True
hh_0039,bldg_0046,5,True
hh_0040,bldg_0047,5,True
hh_0041,bldg_0048,5,True
hh_0042,bldg_0049,5,True
hh_0043,bldg_0050,4,True
hh_0044,bldg_0051,4,True
hh_0045,bldg_0052,4,True
hh_0046,bldg_0053,4,True
hh_0047,bldg_0054,3,True
hh_0048,bldg_0055,5,True
hh_0049,bldg_0056,5,True
hh_0050,bldg_0058,5,True
hh_0051,bldg_0059,3,True
hh_0052,bldg_0060,3,True
hh_0053,bldg_0061,5,True
hh_0054,bldg_0063,5,True
hh_0055,bldg_0064,3,True
hh_0056,bldg_0066,5,True
hh_0057,bldg_0067,4,True
hh_0058,bldg_0069,4,True
hh_0059,bldg_0071,5,True
hh_0060,bldg_0072,4,True
hh_0061,bldg_0073,3,True
hh_0062,bldg_0074,3,True
hh_0063,bldg_0075,4,True
hh_0064,bldg_0076,3,True
hh_0065,bldg_0077,4,True
hh_0066,bldg_0078,5,True
hh_0067,bldg_0080,5,True
hh_0068,bldg_0081,4,True
hh_0069,bldg_0082,4,True
hh_0070,bldg_0083,4,True
hh_0071,bldg_0084,4,True
hh_0072,bldg_0085,4,True
hh_0073,bldg_0086,5,True
hh_0074,bldg_0087,3,True
hh_0075,bldg_0088,5,True
hh_0076,bldg_0089,4,True
hh_0077,bldg_0090,5,True
hh_0078,bldg_0091,3,True
hh_0079,bldg_0092,5,True
hh_0080,bldg_0093,4,True
hh_0081,bldg_0094,5,True
hh_0082,bldg_0095,4,True
hh_0083,bldg_0096,5,True
hh_0084,bldg_0097,3,True
hh_0085,bldg_0098,3,True
hh_0086,bldg_0099,3,True
hh_0087,bldg_0101,3,True
hh_0088,bldg_0102,3,True
hh_0089,bldg_0103,4,True
hh_0090,bldg_0104,3,True
hh_0091,bldg_0105,3,True
hh_0092,bldg_0106,5,True
hh_0093,bldg_0107,3,True
hh_0094,bldg_0108,4,True
hh_0095,bldg_0111,4,True
hh_0096,bldg_0112,5,True
hh_0097,bldg_0113,5,True
hh_0098,bldg_0114,4,True
hh_0099,bldg_0115,5,True
hh_0100,bldg_0116,5,True
hh_0101,bldg_0117,5,True
hh_0102,bldg_0120,5,True
hh_0103,bldg_0122,4,True
hh_0104,bldg_0123,4,True
hh_0105,bldg_0124,4,True
hh_0106,bldg_0125,3,True
hh_0107,bldg_0127,3,True
hh_0108,bldg_0129,5,True
hh_0109,bldg_0131,5,True
hh_0110,bldg_0132,5,True
hh_0111,bldg_0133,4,True
hh_0112,bldg_0134,5,True
hh_0113,bldg_0135,3,True
hh_0114,bldg_0136,3,True
hh_0115,bldg_0137,3,True
hh_0116,bldg_0138,4,True
hh_0117,bldg_0139,3,True
hh_0118,bldg_0140,4,True
hh_0119,bldg_0141,4,True
hh_0120,bldg_0142,4,True
hh_0121,bldg_0144,5,True
hh_0122,bldg_0145,3,True
hh_0123,bldg_0148,4,True
hh_0124,bldg_0149,5,True
hh_0125,bldg_0150,5,True
hh_0126,bldg_0151,4,True
hh_0127,bldg_0152,4,True
hh_0128,bldg_0153,3,True
hh_0129,bldg_0155,5,True
hh_0130,bldg_0157,4,True
hh_0131,bldg_0158,5,True
hh_0132,bldg_0159,5,True
hh_0133,bldg_0161,5,True
hh_0134,bldg_0162,4,True
hh_0135,bldg_0164,3,True
hh_0136,bldg_0165,3,True
hh_0137,bldg_0167,3,True
hh_0138,bldg_0168,5,True
hh_0139,bldg_0169,5,True
hh_0140,bldg_0171,3,True
hh_0141,bldg_0173,3,True
hh_0142,bldg_0174,5,True
hh_0143,bldg_0175,3,True
hh_0144,bldg_0176,5,True
hh_0145,bldg_0177,3,True
hh_0146,bldg_0178,4,True
hh_0147,bldg_0179,3,True
hh_0148,bldg_0180,3,True
hh_0149,bldg_0181,5,True
hh_0150,bldg_0182,5,True
hh_0151,bldg_0183,3,True
hh_0152,bldg_0184,3,True
hh_0153,bldg_0185,5,True
hh_0154,bldg_0186,3,True
hh_0155,bldg_0187,3,True
hh_0156,bldg_0188,5,True
hh_0157,bldg_0189,3,True
hh_0158,bldg_0190,4,True
hh_0159,bldg_0191,4,True
hh_0160,bldg_0192,3,True
hh_0161,bldg_0193,4,True
hh_0162,bldg_0194,5,True
hh_0163,bldg_0195,5,True
hh_0164,bldg_0196,3,True
hh_0165,bldg_0197,3,True
hh_0166,bldg_0199,5,True
hh_0167,bldg_0200,5,True
hh_0168,bldg_0202,4,True
hh_0169,bldg_0203,4,True
hh_0170,bldg_0204,5,True
hh_0171,bldg_0206,4,True
hh_0172,bldg_0207,5,True
hh_0173,bldg_0208,3,True
hh_0174,bldg_0209,4,True
hh_0175,bldg_0210,3,True
hh_0176,bldg_0211,4,True
hh_0177,bldg_0212,3,True
hh_0178,bldg_0213,3,True
hh_0179,bldg_0214,5,True
hh_0180,bldg_0215,4,True
hh_0181,bldg_0216,5,True
hh_0182,bldg_0218,4,True
hh_0183,bldg_0219,3,True
hh_0184,bldg_0220,3,True
hh_0185,bldg_0221,5,True
hh_0186,bldg_0222,5,True
hh_0187,bldg_0223,4,True
hh_0188,bldg_0226,4,True
hh_0189,bldg_0227,4,True
hh_0190,bldg_0228,4,True
hh_0191,bldg_0229,5,True
hh_0192,bldg_0231,3,True
hh_0193,bldg_0232,3,True
hh_0194,bldg_0233,3,True
hh_0195,bldg_0234,5,True
hh_0196,bldg_0235,5,True
hh_0197,bldg_0237,3,True
hh_0198,bldg_0238,5,True
hh_0199,bldg_0239,4,True
hh_0200,bldg_0240,5,True
hh_0201,bldg_0241,4,True
hh_0202,bldg_0242,3,True
hh_0203,bldg_0243,5,True
hh_0204,bldg_0245,5,True
hh_0205,bldg_0246,3,True
hh_0206,bldg_0247,3,True
hh_0207,bldg_0248,5,True
hh_0208,bldg_0249,3,True
hh_0209,bldg_0250,4,True
hh_0210,bldg_0251,4,True
hh_0211,bldg_0252,4,True
hh_0212,bldg_0253,4,True
hh_0213,bldg_0254,4,True
hh_0214,bldg_0256,3,True
hh_0215,bldg_0257,3,True
hh_0216,bldg_0258,5,True
